    1 ,                                     0.0
    2 ,                                     0.0
    3 ,                                     0.0
    4 ,                                     0.0
    5 ,                                     0.0
    6 ,                                     0.0
    7 ,                                     0.0
    8 ,                                     0.0
    9 ,                                     0.0
   10 ,                                    25.0
   11 ,                                   137.0
   12 ,                                  1047.0
   13 ,                                  4688.0
   14 ,                                  9322.0
   15 ,                                  9981.0
   16 ,                                  7744.0
   17 ,                                  6159.0
   18 ,                                  5991.0
   19 ,                                  5674.0
   20 ,                                  5253.0
   21 ,                                  6724.0
   22 ,                                 17399.0
   23 ,                                 30786.0
   24 ,                                 29578.0
   25 ,                                 24346.0
   26 ,                                 20609.0
   27 ,                                 13453.0
   28 ,                                 11694.0
   29 ,                                 10258.0
   30 ,                                 15509.0
   31 ,                                 20089.0
   32 ,                                 48359.0
   33 ,                                 70551.0
   34 ,                                 54382.0
   35 ,                                 41414.0
   36 ,                                 27373.0
   37 ,                                 20829.0
   38 ,                                 16203.0
   39 ,                                 16322.0
   40 ,                                 16730.0
   41 ,                                 32573.0
   42 ,                                122356.0
   43 ,                                104496.0
   44 ,                                 68345.0
   45 ,                                 48161.0
   46 ,                                 38131.0
   47 ,                                 30943.0
   48 ,                                 19752.0
   49 ,                                 15150.0
   50 ,                                 12480.0
   51 ,                                 14368.0
   52 ,                                 11531.0
   53 ,                                  7678.0
   54 ,                                  5532.0
   55 ,                                  4129.0
   56 ,                                  3082.0
   57 ,                                  3354.0
   58 ,                                  1883.0
   59 ,                                  3975.0
   60 ,                                  3602.0
   61 ,                                  3407.0
   62 ,                                  3405.0
   63 ,                                 18298.0
   64 ,                                  1781.0
   65 ,                                  2298.0
   66 ,                                  4880.0
   67 ,                                  1943.0
   68 ,                                  1833.0
   69 ,                                  1922.0
   70 ,                                  1783.0
   71 ,                                  3133.0
   72 ,                                  4346.0
   73 ,                                  1871.0
   74 ,                                  2486.0
   75 ,                                  2552.0
   76 ,                                  1686.0
   77 ,                                  1694.0
   78 ,                                  1413.0
   79 ,                                  2182.0
   80 ,                                  1473.0
   81 ,                                  2051.0
   82 ,                                  1116.0
   83 ,                                  1082.0
   84 ,                                  1667.0
   85 ,                                  1733.0
   86 ,                                  3037.0
   87 ,                                  1022.0
   88 ,                                  1136.0
   89 ,                                  1130.0
   90 ,                                   894.0
   91 ,                                   975.0
   92 ,                                   847.0
   93 ,                                   868.0
   94 ,                                   965.0
   95 ,                                   857.0
   96 ,                                   864.0
   97 ,                                  1433.0
   98 ,                                   811.0
   99 ,                                   914.0
  100 ,                                  1503.0
